531189,ZÜM-CX Wood Balance Bike,21.5',31.5' x 21.5',Wood
1262688,Joovy CocoonX2 Bike Trailer,32 x11.5 x 32,20",Black
1275785,Northrock XC27 Mountain Bike,17",27.5" x 2.2",Black
1275787,Northrock SC7 Men’s 700C Wheel Sport Comfort Bike,17",28 x 1-5/8 x 1-3/4,Illusion Grey
1275817,Northrock XC00 Fat Tire Bike,18",26" x 4.0",Matte Black
1325212,Zizzo Liberte Folding Bike,20",20" x 1.5",Black
1384852,Priority Bicycles Embark eBike,17",27.5",Gray
1923849,Chillafish BMXie Balance Bike,15",8",Blue & Pink
2485832,Jetson Adventure Electric Bike,19',27.5",Green & Black
