1099836,Hunter 54" Coral Gables Indoor/Outdoor Fan,54",Burnished Grey Pine 
1149386,Hunter LED 54" Contempo II Ceiling Fan,54",Fresh White/Natural Wood
1159417,Hunter LED 52" Kingston Ceiling Fan,52",Drift Oak & Grey Walnut
1223577,Hunter Kaplan LED 64" Ceiling Fan,64",Barnwood & Dark Walnut
1246843,Hunter Exeter 54" LED Ceiling Fan,54" ,Light Grey Oak & Greyed Walnut
1261724,Hunter Low Profile LED 48" Ceiling Fan,48",Dark Walnut & Light Grey Oak
1274586,Hunter Hailey 46" LED Ceiling Fan,46",Grey Pine & Natural Wood
1284176,Hunter Cosenza 52" Outdoor Ceiling Fan,52",Drifted Oak & Grey Pine
1286639,Hunter 54” Eurella Wi-Fi Smart Ceiling Fan,54",Matte Nickel & Natural Wood
11567843,Hunter LED 52" Avia II Ceiling Fan,52",Light Grey Oak & Greyed Walnut
