9436500,LG 43" (42.5" Diag.) 4K Ultra HD LED LCD TV,8.5 in. x 24.6 in. x 38.4 in.,Edge Lit LED-LCD
9497500,Samsung 49" Class (48.5" Diag.) 4K UHD QLED LCD TV,2.2 in. x 25 in. x 43 in.,Edge Lit LED-LCD
9550008,Samsung 55" Class (54.6" Diag.) 4K UHD LED LCD TV,2.2 in. x 28 in. x 48.3 in.,Edge Lit LED-LCD
9555585,Sony 55" Class (54.5" Diag.) HDR 4K Ultra HD TV,1.8 in x 28.3 in x 48.5 in.,LED 
9557500,Samsung 55" Class (54.5" Diag.) 4K UHD QLED LCD TV,1.8 in. x 27.7 in. x 48.2 in,Edge Lit LED-LCD
9657400,Samsung 65" Class (64.5" Diag.) 4K UHD LED LCD TV,14.9 in. x 36.3 in. x 57.4 in.,Edge Lit LED-LCD
9657500,Samsung 65" Class (64.5" Diag.) 4K UHD QLED LCD TV,11.3 in. x 35.8 in. x 57.1 in.,Full-Array LED-LCD
9706570,LG 70" Class (69.5" Diag.) 4K Ultra HD LED LCD TV,2.7 in. x 35.8 in. x 61.9 in.,LED
9757500,Samsung 75" Class (74.5" Diag.) 4K UHD QLED LCD TV,2.4 in. x 38 in. x 66.3 in.,Edge Lit LED-LCD
9757585,Sony 75" Class (74.5" Diag.) HDR 4K Ultra HD TV,2.5 in. x 40.75 in. x 66 in.,Edge Lit LED-LCD
9820008,Samsung 82" Class (81.5" Diag.) 4K UHD LED LCD TV,2.4 in. x 41.6 in. x 72 in.,Edge Lit LED-LCD
9827500,Samsung 82" Class (81.5" Diag.) 4K UHD QLED LCD TV,2.4 in. x 41.6 in. x 72 in.,Edge Lit LED-LCD
9886043,LG 43" Class (42.5" Diag.) 4K Ultra HD LED LCD TV,3.4 in. x 22.5 in. x 38.4 in.,Edge Lit LED-LCD
